asset,recorded_at,MDI_OBD_SPEED,GPS_SPEED,MDI_OBD_RPM,MDI_OBD_ENGINE_LOAD,MDI_OBD_FUEL,ODO_FULL_METER,MDI_DASHBOARD_MILEAGE,distance,delay,fuel,filled
487,2017-10-01 16:55:21,40.0,22201.0,1261.0,33.0,3187530.0,3259936.0,nan,nan,nan,nan,6.94707537877165e-310
487,2017-10-01 16:55:32,86.0,44947.0,2447.0,100.0,3187632.0,3260076.0,nan,26.27777777777778,0 days 00:00:11,102.0,0.0
487,2017-10-01 16:55:33,87.0,46250.0,nan,nan,3187640.0,nan,nan,2.4166666666666665,0 days 00:00:01,8.0,0.0
487,2017-10-01 16:55:35,89.0,46805.0,nan,nan,3187656.0,3260187.0,nan,4.944444444444445,0 days 00:00:02,16.0,0.0
487,2017-10-01 16:55:37,87.0,46617.0,2055.0,nan,3187672.0,nan,nan,4.833333333333333,0 days 00:00:02,16.0,0.0
487,2017-10-01 16:55:38,87.0,46743.0,nan,nan,3187680.0,nan,nan,2.4166666666666665,0 days 00:00:01,8.0,1.0
487,2017-10-01 16:55:39,88.0,46860.0,nan,nan,3187688.0,nan,nan,2.4444444444444446,0 days 00:00:01,8.0,0.0
487,2017-10-01 16:55:40,90.0,47371.0,nan,nan,3187696.0,3260305.0,nan,2.5,0 days 00:00:01,8.0,0.0
487,2017-10-01 16:55:42,92.0,48678.0,2153.0,nan,3187712.0,nan,nan,5.111111111111111,0 days 00:00:02,16.0,0.0
487,2017-10-01 16:55:43,93.0,48869.0,nan,nan,3187720.0,nan,nan,2.5833333333333335,0 days 00:00:01,8.0,0.0
487,2017-10-01 16:55:45,94.0,49265.0,nan,nan,3187736.0,3260427.0,nan,5.222222222222222,0 days 00:00:02,16.0,0.0
487,2017-10-01 16:55:47,91.0,48518.0,2144.0,nan,3187751.0,nan,nan,5.055555555555555,0 days 00:00:02,15.0,0.0
487,2017-10-01 16:55:49,91.0,49026.0,nan,nan,3187767.0,nan,nan,5.055555555555555,0 days 00:00:02,16.0,1.0
487,2017-10-01 16:55:50,93.0,49063.0,nan,nan,3187775.0,3260552.0,nan,2.5833333333333335,0 days 00:00:01,8.0,0.0
487,2017-10-01 16:55:52,94.0,50075.0,2214.0,nan,3187788.0,nan,nan,5.222222222222222,0 days 00:00:02,13.0,0.0
487,2017-10-01 16:55:53,96.0,50310.0,nan,nan,3187793.0,nan,nan,2.6666666666666665,0 days 00:00:01,5.0,0.0
487,2017-10-01 16:55:55,95.0,50640.0,nan,54.0,3187803.0,3260677.0,nan,5.277777777777778,0 days 00:00:02,10.0,0.0
487,2017-10-01 16:55:56,93.0,49757.0,nan,nan,3187810.0,nan,nan,2.5833333333333335,0 days 00:00:01,7.0,0.0
487,2017-10-01 16:55:58,94.0,49675.0,2205.0,nan,3187820.0,nan,nan,5.222222222222222,0 days 00:00:02,10.0,0.0
487,2017-10-01 16:55:59,94.0,49808.0,nan,nan,3187825.0,3260778.0,nan,2.611111111111111,0 days 00:00:01,5.0,1.0
487,2017-10-01 16:56:00,94.0,49631.0,nan,nan,3187830.0,nan,nan,2.611111111111111,0 days 00:00:01,5.0,1.0
487,2017-10-01 16:56:01,94.0,49378.0,nan,nan,3187835.0,nan,nan,2.611111111111111,0 days 00:00:01,5.0,1.0
487,2017-10-01 16:56:02,92.0,49004.0,2125.0,nan,3187836.0,nan,nan,2.5555555555555554,0 days 00:00:01,1.0,0.0
487,2017-10-01 16:56:04,92.0,48617.0,nan,nan,3187838.0,3260902.0,nan,5.111111111111111,0 days 00:00:02,2.0,1.0
487,2017-10-01 16:56:05,90.0,48013.0,nan,nan,3187839.0,nan,nan,2.5,0 days 00:00:01,1.0,0.0
487,2017-10-01 16:56:07,90.0,47531.0,2110.0,nan,3187841.0,nan,nan,5.0,0 days 00:00:02,2.0,1.0
487,2017-10-01 16:56:08,90.0,47537.0,nan,nan,3187842.0,3260998.0,nan,2.5,0 days 00:00:01,1.0,1.0
487,2017-10-01 16:56:09,89.0,47273.0,nan,nan,3187843.0,nan,nan,2.4722222222222223,0 days 00:00:01,1.0,0.0
487,2017-10-01 16:56:10,88.0,46699.0,nan,nan,3187844.0,nan,nan,2.4444444444444446,0 days 00:00:01,1.0,0.0
487,2017-10-01 16:56:12,87.0,46216.0,2022.0,nan,3187848.0,3261094.0,nan,4.833333333333333,0 days 00:00:02,4.0,0.0
487,2017-10-01 16:56:14,85.0,44858.0,nan,nan,3187854.0,nan,nan,4.722222222222222,0 days 00:00:02,6.0,0.0
487,2017-10-01 16:56:16,80.0,42581.0,nan,nan,3187860.0,3261185.0,nan,4.444444444444445,0 days 00:00:02,6.0,0.0
487,2017-10-01 16:56:17,79.0,42027.0,1837.0,nan,3187863.0,nan,nan,2.1944444444444446,0 days 00:00:01,3.0,0.0
487,2017-10-01 16:56:19,76.0,41172.0,nan,nan,3187869.0,nan,nan,4.222222222222222,0 days 00:00:02,6.0,0.0
487,2017-10-01 16:56:21,76.0,41212.0,nan,nan,3187875.0,3261270.0,nan,4.222222222222222,0 days 00:00:02,6.0,1.0
487,2017-10-01 16:56:22,78.0,41393.0,1834.0,nan,nan,nan,nan,2.1666666666666665,0 days 00:00:01,nan,0.0
487,2017-10-01 16:56:24,79.0,41706.0,nan,66.0,3187885.0,3261333.0,nan,4.388888888888889,0 days 00:00:02,10.0,0.0
487,2017-10-01 16:56:26,81.0,42770.0,nan,nan,3187894.0,nan,nan,4.5,0 days 00:00:02,9.0,0.0
487,2017-10-01 16:56:27,81.0,43234.0,nan,nan,3187898.0,nan,nan,2.25,0 days 00:00:01,4.0,1.0
487,2017-10-01 16:56:28,80.0,43036.0,1874.0,nan,3187903.0,3261438.0,nan,2.2222222222222223,0 days 00:00:01,5.0,0.0
487,2017-10-01 16:56:30,80.0,43176.0,nan,nan,3187912.0,nan,nan,4.444444444444445,0 days 00:00:02,9.0,1.0
487,2017-10-01 16:56:32,81.0,43383.0,nan,nan,3187921.0,3261525.0,nan,4.5,0 days 00:00:02,9.0,0.0
487,2017-10-01 16:56:33,80.0,42712.0,1921.0,nan,3187924.0,nan,nan,2.2222222222222223,0 days 00:00:01,3.0,0.0
487,2017-10-01 16:56:35,78.0,42468.0,nan,nan,3187928.0,nan,nan,4.333333333333333,0 days 00:00:02,4.0,0.0
487,2017-10-01 16:56:37,79.0,41943.0,nan,nan,3187933.0,3261610.0,nan,4.388888888888889,0 days 00:00:02,5.0,0.0
487,2017-10-01 16:56:38,78.0,42127.0,1849.0,nan,3187935.0,nan,nan,2.1666666666666665,0 days 00:00:01,2.0,0.0
487,2017-10-01 16:56:40,76.0,40623.0,nan,nan,3187940.0,nan,nan,4.222222222222222,0 days 00:00:02,5.0,0.0
487,2017-10-01 16:56:41,76.0,41026.0,nan,nan,3187942.0,3261714.0,nan,2.111111111111111,0 days 00:00:01,2.0,1.0
487,2017-10-01 16:56:43,76.0,40598.0,1802.0,nan,3187948.0,nan,nan,4.222222222222222,0 days 00:00:02,6.0,1.0
487,2017-10-01 16:56:44,77.0,40581.0,nan,nan,3187952.0,nan,nan,2.138888888888889,0 days 00:00:01,4.0,0.0
487,2017-10-01 16:56:46,77.0,40899.0,nan,nan,3187959.0,3261815.0,nan,4.277777777777778,0 days 00:00:02,7.0,1.0
487,2017-10-01 16:56:48,76.0,41299.0,1810.0,nan,3187966.0,nan,nan,4.222222222222222,0 days 00:00:02,7.0,0.0
487,2017-10-01 16:56:49,77.0,40692.0,nan,nan,3187970.0,nan,nan,2.138888888888889,0 days 00:00:01,4.0,0.0
487,2017-10-01 16:56:51,77.0,40213.0,nan,nan,3187977.0,3261896.0,nan,4.277777777777778,0 days 00:00:02,7.0,1.0
487,2017-10-01 16:56:53,78.0,40863.0,1824.0,nan,3187986.0,nan,nan,4.333333333333333,0 days 00:00:02,9.0,0.0
487,2017-10-01 16:56:55,81.0,42112.0,nan,82.0,3187998.0,3261976.0,nan,4.5,0 days 00:00:02,12.0,0.0
487,2017-10-01 16:56:56,81.0,42821.0,nan,nan,3188004.0,nan,nan,2.25,0 days 00:00:01,6.0,1.0
487,2017-10-01 16:56:58,84.0,43352.0,1945.0,nan,3188014.0,3262039.0,nan,4.666666666666667,0 days 00:00:02,10.0,0.0
487,2017-10-01 16:57:00,84.0,43910.0,nan,nan,3188019.0,nan,nan,4.666666666666667,0 days 00:00:02,5.0,1.0
487,2017-10-01 16:57:02,84.0,44762.0,nan,nan,3188034.0,3262126.0,nan,4.666666666666667,0 days 00:00:02,15.0,1.0
487,2017-10-01 16:57:04,82.0,43512.0,1926.0,nan,3188039.0,nan,nan,4.555555555555555,0 days 00:00:02,5.0,0.0
487,2017-10-01 16:57:05,81.0,43299.0,nan,nan,3188044.0,3262214.0,nan,2.25,0 days 00:00:01,5.0,0.0
487,2017-10-01 16:57:07,81.0,43102.0,nan,nan,3188054.0,nan,nan,4.5,0 days 00:00:02,10.0,1.0
487,2017-10-01 16:57:09,81.0,43325.0,1918.0,nan,3188064.0,3262302.0,nan,4.5,0 days 00:00:02,10.0,1.0
487,2017-10-01 16:57:11,83.0,44041.0,nan,nan,3188074.0,nan,nan,4.611111111111111,0 days 00:00:02,10.0,0.0
487,2017-10-01 16:57:13,84.0,44287.0,1947.0,nan,3188083.0,3262390.0,nan,4.666666666666667,0 days 00:00:02,9.0,0.0
487,2017-10-01 16:57:14,84.0,44752.0,nan,nan,3188086.0,nan,nan,2.3333333333333335,0 days 00:00:01,3.0,1.0
487,2017-10-01 16:57:16,86.0,45489.0,nan,nan,3188093.0,nan,nan,4.777777777777778,0 days 00:00:02,7.0,0.0
487,2017-10-01 16:57:18,86.0,45588.0,2021.0,nan,3188100.0,3262480.0,nan,4.777777777777778,0 days 00:00:02,7.0,1.0
487,2017-10-01 16:57:19,86.0,45640.0,nan,nan,3188104.0,nan,nan,2.388888888888889,0 days 00:00:01,4.0,1.0
487,2017-10-01 16:57:20,86.0,45875.0,nan,nan,3188107.0,nan,nan,2.388888888888889,0 days 00:00:01,3.0,1.0
487,2017-10-01 16:57:22,88.0,46209.0,nan,nan,3188114.0,3262594.0,nan,4.888888888888889,0 days 00:00:02,7.0,0.0
487,2017-10-01 16:57:23,88.0,46319.0,2050.0,nan,3188120.0,nan,nan,2.4444444444444446,0 days 00:00:01,6.0,1.0
487,2017-10-01 16:57:24,87.0,46254.0,nan,nan,3188125.0,nan,nan,2.4166666666666665,0 days 00:00:01,5.0,0.0
487,2017-10-01 16:57:26,87.0,46492.0,nan,20.0,3188136.0,nan,nan,4.833333333333333,0 days 00:00:02,11.0,1.0
487,2017-10-01 16:57:27,86.0,45821.0,nan,nan,3188142.0,3262709.0,nan,2.388888888888889,0 days 00:00:01,6.0,0.0
487,2017-10-01 16:57:28,86.0,45631.0,2024.0,nan,3188149.0,nan,nan,2.388888888888889,0 days 00:00:01,7.0,1.0
487,2017-10-01 16:57:29,86.0,45768.0,nan,nan,3188154.0,nan,nan,2.388888888888889,0 days 00:00:01,5.0,1.0
487,2017-10-01 16:57:30,86.0,45873.0,nan,nan,3188160.0,nan,nan,2.388888888888889,0 days 00:00:01,6.0,1.0
487,2017-10-01 16:57:32,88.0,46519.0,nan,nan,3188174.0,3262801.0,nan,4.888888888888889,0 days 00:00:02,14.0,0.0
487,2017-10-01 16:57:33,89.0,46840.0,2094.0,nan,3188181.0,nan,nan,2.4722222222222223,0 days 00:00:01,7.0,0.0
487,2017-10-01 16:57:35,89.0,47261.0,nan,nan,3188196.0,3262895.0,nan,4.944444444444445,0 days 00:00:02,15.0,1.0
487,2017-10-01 16:57:36,90.0,47234.0,nan,nan,3188204.0,nan,nan,2.5,0 days 00:00:01,8.0,0.0
487,2017-10-01 16:57:37,88.0,47100.0,nan,nan,3188211.0,nan,nan,2.4444444444444446,0 days 00:00:01,7.0,0.0
487,2017-10-01 16:57:38,87.0,46625.0,2044.0,nan,3188219.0,3262967.0,nan,2.4166666666666665,0 days 00:00:01,8.0,0.0
487,2017-10-01 16:57:40,85.0,45103.0,nan,nan,3188227.0,nan,nan,4.722222222222222,0 days 00:00:02,8.0,0.0
487,2017-10-01 16:57:41,83.0,44312.0,nan,nan,3188235.0,nan,nan,2.3055555555555554,0 days 00:00:01,8.0,0.0
487,2017-10-01 16:57:42,85.0,44242.0,nan,nan,nan,3263060.0,nan,2.361111111111111,0 days 00:00:01,nan,0.0
487,2017-10-01 16:57:43,84.0,44483.0,1972.0,nan,3188250.0,nan,nan,2.3333333333333335,0 days 00:00:01,15.0,0.0
487,2017-10-01 16:57:45,85.0,44803.0,nan,nan,3188260.0,nan,nan,4.722222222222222,0 days 00:00:02,10.0,0.0
487,2017-10-01 16:57:47,85.0,44611.0,nan,nan,3188270.0,3263174.0,nan,4.722222222222222,0 days 00:00:02,10.0,1.0
487,2017-10-01 16:57:48,83.0,44472.0,1976.0,nan,3188275.0,nan,nan,2.3055555555555554,0 days 00:00:01,5.0,0.0
487,2017-10-01 16:57:50,86.0,44994.0,nan,nan,3188286.0,nan,nan,4.777777777777778,0 days 00:00:02,11.0,0.0
487,2017-10-01 16:57:51,85.0,45500.0,nan,nan,3188291.0,3263265.0,nan,2.361111111111111,0 days 00:00:01,5.0,0.0
487,2017-10-01 16:57:53,87.0,46067.0,2025.0,nan,3188300.0,nan,nan,4.833333333333333,0 days 00:00:02,9.0,0.0
487,2017-10-01 16:57:54,86.0,45930.0,nan,nan,3188304.0,nan,nan,2.388888888888889,0 days 00:00:01,4.0,0.0
487,2017-10-01 16:57:56,84.0,44870.0,nan,32.0,3188311.0,3263357.0,nan,4.666666666666667,0 days 00:00:02,7.0,0.0
487,2017-10-01 16:57:57,83.0,44638.0,nan,nan,3188315.0,nan,nan,2.3055555555555554,0 days 00:00:01,4.0,0.0
487,2017-10-01 16:57:58,84.0,44284.0,1962.0,nan,3188319.0,nan,nan,2.3333333333333335,0 days 00:00:01,4.0,0.0
487,2017-10-01 16:58:00,83.0,44273.0,nan,nan,3188326.0,3263425.0,nan,4.611111111111111,0 days 00:00:02,7.0,0.0
487,2017-10-01 16:58:02,80.0,43025.0,nan,nan,3188334.0,3263513.0,nan,4.444444444444445,0 days 00:00:02,8.0,0.0
487,2017-10-01 16:58:04,80.0,42488.0,1863.0,nan,nan,nan,nan,4.444444444444445,0 days 00:00:02,0.0,1.0
487,2017-10-01 16:58:05,80.0,42485.0,nan,nan,nan,nan,nan,2.2222222222222223,0 days 00:00:01,2.406e-321,1.0
487,2017-10-01 16:58:07,81.0,42717.0,nan,nan,nan,3263620.0,nan,4.5,0 days 00:00:02,2.406e-321,0.0
487,2017-10-01 16:58:08,81.0,42847.0,1913.0,nan,nan,nan,nan,2.25,0 days 00:00:01,2.406e-321,1.0
487,2017-10-01 16:58:10,83.0,43552.0,nan,nan,nan,nan,nan,4.611111111111111,0 days 00:00:02,2.406e-321,0.0
487,2017-10-01 16:58:11,85.0,44180.0,nan,nan,nan,3263706.0,nan,2.361111111111111,0 days 00:00:01,2.406e-321,0.0
487,2017-10-01 16:58:13,84.0,44248.0,1950.0,nan,3188338.0,nan,nan,4.666666666666667,0 days 00:00:02,4.0,0.0
487,2017-10-01 16:58:15,85.0,44239.0,nan,nan,3188345.0,nan,nan,4.722222222222222,0 days 00:00:02,7.0,0.0
487,2017-10-01 16:58:16,82.0,44034.0,nan,nan,3188348.0,3263816.0,nan,2.2777777777777777,0 days 00:00:01,3.0,0.0
487,2017-10-01 16:58:18,83.0,43766.0,1904.0,nan,3188355.0,nan,nan,4.611111111111111,0 days 00:00:02,7.0,0.0
487,2017-10-01 16:58:20,79.0,42630.0,nan,nan,3188362.0,3263904.0,nan,4.388888888888889,0 days 00:00:02,7.0,0.0
487,2017-10-01 16:58:22,76.0,41248.0,nan,nan,3188369.0,nan,nan,4.222222222222222,0 days 00:00:02,7.0,0.0
487,2017-10-01 16:58:23,77.0,41085.0,1802.0,nan,3188373.0,nan,nan,2.138888888888889,0 days 00:00:01,4.0,0.0
487,2017-10-01 16:58:25,77.0,41000.0,nan,21.0,3188379.0,3263988.0,nan,4.277777777777778,0 days 00:00:02,6.0,1.0
487,2017-10-01 16:58:27,76.0,40288.0,nan,nan,3188386.0,nan,nan,4.222222222222222,0 days 00:00:02,7.0,0.0
487,2017-10-01 16:58:28,76.0,40476.0,1803.0,nan,3188389.0,3264069.0,nan,2.111111111111111,0 days 00:00:01,3.0,1.0
487,2017-10-01 16:58:30,79.0,42010.0,nan,nan,3188396.0,nan,nan,4.388888888888889,0 days 00:00:02,7.0,0.0
487,2017-10-01 16:58:31,80.0,42225.0,nan,nan,nan,nan,nan,2.2222222222222223,0 days 00:00:01,2.406e-321,0.0
487,2017-10-01 16:58:32,80.0,42541.0,nan,nan,3188403.0,3264151.0,nan,2.2222222222222223,0 days 00:00:01,7.0,1.0
487,2017-10-01 16:58:33,80.0,42738.0,1876.0,nan,3188405.0,nan,nan,2.2222222222222223,0 days 00:00:01,2.0,1.0
487,2017-10-01 16:58:35,80.0,42313.0,nan,nan,3188411.0,nan,nan,4.444444444444445,0 days 00:00:02,6.0,1.0
487,2017-10-01 16:58:36,82.0,42785.0,nan,nan,nan,3264235.0,nan,2.2777777777777777,0 days 00:00:01,2.406e-321,0.0
487,2017-10-01 16:58:38,81.0,43080.0,nan,nan,3188416.0,nan,nan,4.5,0 days 00:00:02,5.0,0.0
487,2017-10-01 16:58:40,82.0,43479.0,1925.0,nan,3188422.0,3264321.0,nan,4.555555555555555,0 days 00:00:02,6.0,0.0
487,2017-10-01 16:58:42,82.0,43411.0,nan,nan,3188427.0,nan,nan,4.555555555555555,0 days 00:00:02,5.0,1.0
487,2017-10-01 16:58:44,81.0,43813.0,1934.0,nan,3188433.0,nan,nan,4.5,0 days 00:00:02,6.0,0.0
487,2017-10-01 16:58:45,81.0,43573.0,nan,nan,3188436.0,3264431.0,nan,2.25,0 days 00:00:01,3.0,1.0
487,2017-10-01 16:58:47,85.0,43900.0,nan,nan,3188441.0,nan,nan,4.722222222222222,0 days 00:00:02,5.0,0.0
487,2017-10-01 16:58:48,82.0,43882.0,nan,nan,3188444.0,nan,nan,2.2777777777777777,0 days 00:00:01,3.0,0.0
487,2017-10-01 16:58:50,82.0,43577.0,1933.0,nan,3188450.0,3264541.0,nan,4.555555555555555,0 days 00:00:02,6.0,1.0
487,2017-10-01 16:58:51,82.0,43604.0,nan,nan,3188453.0,nan,nan,2.2777777777777777,0 days 00:00:01,3.0,1.0
487,2017-10-01 16:58:53,81.0,43796.0,nan,nan,3188458.0,nan,nan,4.5,0 days 00:00:02,5.0,0.0
487,2017-10-01 16:58:54,83.0,43995.0,1939.0,nan,nan,nan,nan,2.3055555555555554,0 days 00:00:01,5e-324,0.0
487,2017-10-01 16:58:56,83.0,44061.0,nan,0.0,nan,3264651.0,nan,4.611111111111111,0 days 00:00:02,2.406e-321,1.0
487,2017-10-01 16:58:58,86.0,45310.0,nan,nan,nan,nan,nan,4.777777777777778,0 days 00:00:02,2.406e-321,0.0
487,2017-10-01 16:58:59,87.0,45723.0,2032.0,nan,nan,nan,nan,2.4166666666666665,0 days 00:00:01,2.406e-321,0.0
487,2017-10-01 16:59:01,86.0,45191.0,nan,nan,nan,3264763.0,nan,4.777777777777778,0 days 00:00:02,2.406e-321,0.0
487,2017-10-01 16:59:02,85.0,45029.0,nan,nan,nan,nan,nan,2.361111111111111,0 days 00:00:01,2.406e-321,0.0
487,2017-10-01 16:59:04,84.0,44708.0,1979.0,nan,3188465.0,3264855.0,nan,4.666666666666667,0 days 00:00:02,7.0,0.0
487,2017-10-01 16:59:06,83.0,44487.0,nan,nan,3188471.0,nan,nan,4.611111111111111,0 days 00:00:02,6.0,0.0
487,2017-10-01 16:59:07,83.0,44420.0,nan,nan,3188474.0,nan,nan,2.3055555555555554,0 days 00:00:01,3.0,1.0
487,2017-10-01 16:59:08,85.0,44310.0,nan,nan,3188478.0,3264945.0,nan,2.361111111111111,0 days 00:00:01,4.0,0.0
487,2017-10-01 16:59:09,85.0,44712.0,1994.0,nan,nan,nan,nan,2.361111111111111,0 days 00:00:01,8.384e-321,1.0
487,2017-10-01 16:59:11,86.0,46188.0,nan,nan,3188487.0,nan,nan,4.777777777777778,0 days 00:00:02,9.0,0.0
487,2017-10-01 16:59:12,89.0,46586.0,nan,nan,3188490.0,3265035.0,nan,2.4722222222222223,0 days 00:00:01,3.0,0.0
487,2017-10-01 16:59:13,90.0,46990.0,nan,nan,nan,nan,nan,2.5,0 days 00:00:01,1.7847169e-316,0.0
487,2017-10-01 16:59:14,90.0,47069.0,2106.0,nan,3188496.0,nan,nan,2.5,0 days 00:00:01,6.0,1.0
487,2017-10-01 16:59:15,91.0,48068.0,nan,nan,3188507.0,nan,nan,2.5277777777777777,0 days 00:00:01,11.0,0.0
487,2017-10-01 16:59:17,90.0,47948.0,nan,nan,3188513.0,3265131.0,nan,5.0,0 days 00:00:02,6.0,0.0
487,2017-10-01 16:59:18,90.0,48149.0,nan,nan,3188525.0,nan,nan,2.5,0 days 00:00:01,12.0,1.0
487,2017-10-01 16:59:19,90.0,47979.0,2103.0,nan,3188530.0,nan,nan,2.5,0 days 00:00:01,5.0,1.0
487,2017-10-01 16:59:21,86.0,46162.0,nan,nan,3188536.0,3265227.0,nan,4.777777777777778,0 days 00:00:02,6.0,0.0
487,2017-10-01 16:59:22,87.0,45797.0,nan,nan,3188542.0,nan,nan,2.4166666666666665,0 days 00:00:01,6.0,0.0
487,2017-10-01 16:59:23,86.0,45906.0,nan,nan,3188548.0,3265297.0,nan,2.388888888888889,0 days 00:00:01,6.0,0.0
487,2017-10-01 16:59:25,88.0,46396.0,2039.0,nan,3188560.0,nan,nan,4.888888888888889,0 days 00:00:02,12.0,0.0
487,2017-10-01 16:59:27,91.0,48106.0,nan,89.0,3188573.0,3265390.0,nan,5.055555555555555,0 days 00:00:02,13.0,0.0
487,2017-10-01 16:59:28,90.0,48288.0,nan,nan,3188579.0,nan,nan,2.5,0 days 00:00:01,6.0,0.0
487,2017-10-01 16:59:30,91.0,48255.0,2127.0,nan,3188592.0,nan,nan,5.055555555555555,0 days 00:00:02,13.0,0.0
487,2017-10-01 16:59:32,91.0,48542.0,nan,nan,3188604.0,3265486.0,nan,5.055555555555555,0 days 00:00:02,12.0,1.0
487,2017-10-01 16:59:34,89.0,47817.0,nan,nan,3188616.0,nan,nan,4.944444444444445,0 days 00:00:02,12.0,0.0
487,2017-10-01 16:59:36,91.0,47435.0,2079.0,nan,3188629.0,3265607.0,nan,5.055555555555555,0 days 00:00:02,13.0,0.0
487,2017-10-01 16:59:37,90.0,47459.0,nan,nan,3188635.0,nan,nan,2.5,0 days 00:00:01,6.0,0.0
487,2017-10-01 16:59:38,87.0,46943.0,nan,nan,3188641.0,nan,nan,2.4166666666666665,0 days 00:00:01,6.0,0.0
487,2017-10-01 16:59:39,87.0,46025.0,nan,nan,3188647.0,nan,nan,2.4166666666666665,0 days 00:00:01,6.0,1.0
487,2017-10-01 16:59:40,85.0,45692.0,2017.0,nan,3188653.0,nan,nan,2.361111111111111,0 days 00:00:01,6.0,0.0
487,2017-10-01 16:59:42,84.0,45107.0,nan,nan,3188665.0,3265725.0,nan,4.666666666666667,0 days 00:00:02,12.0,0.0
487,2017-10-01 16:59:44,84.0,44575.0,nan,nan,3188673.0,3265794.0,nan,4.666666666666667,0 days 00:00:02,8.0,1.0
487,2017-10-01 16:59:45,84.0,44516.0,1964.0,nan,3188674.0,nan,nan,2.3333333333333335,0 days 00:00:01,1.0,1.0
487,2017-10-01 16:59:47,83.0,44827.0,nan,nan,3188677.0,nan,nan,4.611111111111111,0 days 00:00:02,3.0,0.0
487,2017-10-01 16:59:48,84.0,44926.0,nan,nan,3188679.0,3265884.0,nan,2.3333333333333335,0 days 00:00:01,2.0,0.0
487,2017-10-01 16:59:50,82.0,43386.0,1901.0,nan,3188682.0,nan,nan,4.555555555555555,0 days 00:00:02,3.0,0.0
487,2017-10-01 16:59:52,80.0,42505.0,nan,nan,3188685.0,nan,nan,4.444444444444445,0 days 00:00:02,3.0,0.0
487,2017-10-01 16:59:53,79.0,41751.0,nan,nan,3188687.0,3265993.0,nan,2.1944444444444446,0 days 00:00:01,2.0,0.0
487,2017-10-01 16:59:55,77.0,41736.0,1840.0,nan,nan,nan,nan,4.277777777777778,0 days 00:00:02,6.94707554631524e-310,0.0
487,2017-10-01 16:59:57,79.0,42288.0,nan,31.0,nan,3266077.0,nan,4.388888888888889,0 days 00:00:02,6.94703079108187e-310,0.0
487,2017-10-01 16:59:59,81.0,43196.0,nan,nan,nan,nan,nan,4.5,0 days 00:00:02,0.0,0.0
487,2017-10-01 17:00:01,83.0,44311.0,1949.0,nan,nan,nan,nan,4.611111111111111,0 days 00:00:02,0.0,0.0
487,2017-10-01 17:00:02,85.0,44792.0,nan,nan,nan,3266184.0,nan,2.361111111111111,0 days 00:00:01,6.94706978365607e-310,0.0
487,2017-10-01 17:00:04,84.0,44892.0,nan,nan,3188690.0,nan,nan,4.666666666666667,0 days 00:00:02,3.0,0.0
487,2017-10-01 17:00:05,86.0,45001.0,1981.0,nan,nan,nan,nan,2.388888888888889,0 days 00:00:01,0.0,0.0
487,2017-10-01 17:00:07,86.0,45072.0,nan,nan,3188695.0,3266274.0,nan,4.777777777777778,0 days 00:00:02,5.0,1.0
487,2017-10-01 17:00:09,86.0,45605.0,nan,nan,3188699.0,nan,nan,4.777777777777778,0 days 00:00:02,4.0,1.0
487,2017-10-01 17:00:10,86.0,45682.0,2007.0,nan,3188701.0,3266365.0,nan,2.388888888888889,0 days 00:00:01,2.0,1.0
487,2017-10-01 17:00:12,85.0,45355.0,nan,nan,3188704.0,nan,nan,4.722222222222222,0 days 00:00:02,3.0,0.0
487,2017-10-01 17:00:14,86.0,45417.0,nan,nan,3188710.0,3266457.0,nan,4.777777777777778,0 days 00:00:02,6.0,0.0
487,2017-10-01 17:00:15,86.0,45637.0,2024.0,nan,3188713.0,nan,nan,2.388888888888889,0 days 00:00:01,3.0,1.0
487,2017-10-01 17:00:17,86.0,46154.0,nan,nan,3188715.0,nan,nan,4.777777777777778,0 days 00:00:02,2.0,1.0
487,2017-10-01 17:00:19,85.0,45498.0,nan,nan,3188721.0,3266549.0,nan,4.722222222222222,0 days 00:00:02,6.0,0.0
487,2017-10-01 17:00:21,88.0,45962.0,2032.0,nan,3188727.0,nan,nan,4.888888888888889,0 days 00:00:02,6.0,0.0
487,2017-10-01 17:00:23,87.0,46537.0,nan,nan,3188732.0,3266641.0,nan,4.833333333333333,0 days 00:00:02,5.0,0.0
487,2017-10-01 17:00:24,89.0,46797.0,nan,nan,3188738.0,nan,nan,2.4722222222222223,0 days 00:00:01,6.0,0.0
487,2017-10-01 17:00:25,90.0,47476.0,2116.0,nan,3188744.0,nan,nan,2.5,0 days 00:00:01,6.0,0.0
487,2017-10-01 17:00:26,92.0,48058.0,nan,100.0,3188749.0,3266711.0,nan,2.5555555555555554,0 days 00:00:01,5.0,0.0
487,2017-10-01 17:00:28,97.0,50091.0,nan,nan,3188762.0,nan,nan,5.388888888888889,0 days 00:00:02,13.0,0.0
487,2017-10-01 17:00:29,96.0,50937.0,nan,nan,3188769.0,nan,nan,2.6666666666666665,0 days 00:00:01,7.0,0.0
487,2017-10-01 17:00:30,96.0,51147.0,2262.0,nan,3188775.0,3266808.0,nan,2.6666666666666665,0 days 00:00:01,6.0,1.0
487,2017-10-01 17:00:32,99.0,51721.0,nan,nan,3188786.0,nan,nan,5.5,0 days 00:00:02,11.0,0.0
487,2017-10-01 17:00:33,101.0,52510.0,nan,nan,nan,3266911.0,nan,2.8055555555555554,0 days 00:00:01,0.0,0.0
487,2017-10-01 17:00:35,102.0,53951.0,2414.0,nan,3188803.0,nan,nan,5.666666666666667,0 days 00:00:02,17.0,0.0
487,2017-10-01 17:00:37,102.0,53924.0,nan,nan,3188824.0,nan,nan,5.666666666666667,0 days 00:00:02,21.0,1.0
487,2017-10-01 17:00:38,100.0,52914.0,nan,nan,3188834.0,3267046.0,nan,2.7777777777777777,0 days 00:00:01,10.0,0.0
487,2017-10-01 17:00:40,101.0,53148.0,2350.0,nan,3188854.0,nan,nan,5.611111111111111,0 days 00:00:02,20.0,0.0
487,2017-10-01 17:00:41,99.0,53135.0,nan,nan,3188864.0,nan,nan,2.75,0 days 00:00:01,10.0,0.0
487,2017-10-01 17:00:43,99.0,52780.0,nan,nan,3188884.0,3267181.0,nan,5.5,0 days 00:00:02,20.0,1.0
487,2017-10-01 17:00:44,101.0,53454.0,nan,nan,3188891.0,nan,nan,2.8055555555555554,0 days 00:00:01,7.0,0.0
487,2017-10-01 17:00:46,102.0,53974.0,2380.0,nan,3188905.0,nan,nan,5.666666666666667,0 days 00:00:02,14.0,0.0
487,2017-10-01 17:00:47,102.0,53877.0,nan,nan,3188912.0,nan,nan,2.8333333333333335,0 days 00:00:01,7.0,1.0
487,2017-10-01 17:00:49,102.0,54419.0,nan,nan,3188926.0,3267316.0,nan,5.666666666666667,0 days 00:00:02,14.0,1.0
487,2017-10-01 17:00:50,101.0,53985.0,2389.0,nan,3188932.0,nan,nan,2.8055555555555554,0 days 00:00:01,6.0,0.0
487,2017-10-01 17:00:52,101.0,54335.0,nan,nan,3188946.0,3267424.0,nan,5.611111111111111,0 days 00:00:02,14.0,1.0
487,2017-10-01 17:00:53,101.0,53838.0,nan,nan,3188954.0,nan,nan,2.8055555555555554,0 days 00:00:01,8.0,1.0
487,2017-10-01 17:00:55,103.0,54517.0,2414.0,nan,3188965.0,nan,nan,5.722222222222222,0 days 00:00:02,11.0,0.0
487,2017-10-01 17:00:56,104.0,55184.0,nan,75.0,3188971.0,3267532.0,nan,2.888888888888889,0 days 00:00:01,6.0,0.0
487,2017-10-01 17:00:58,107.0,56073.0,nan,nan,3188982.0,nan,nan,5.944444444444445,0 days 00:00:02,11.0,0.0
487,2017-10-01 17:00:59,107.0,56674.0,nan,nan,3188987.0,nan,nan,2.9722222222222223,0 days 00:00:01,5.0,1.0
487,2017-10-01 17:01:00,107.0,56963.0,2521.0,nan,3188993.0,nan,nan,2.9722222222222223,0 days 00:00:01,6.0,1.0
487,2017-10-01 17:01:01,108.0,57176.0,nan,nan,3188998.0,3267673.0,nan,3.0,0 days 00:00:01,5.0,0.0
487,2017-10-01 17:01:03,106.0,55844.0,nan,nan,3189009.0,nan,nan,5.888888888888889,0 days 00:00:02,11.0,0.0
487,2017-10-01 17:01:04,103.0,55066.0,nan,nan,3189012.0,nan,nan,2.861111111111111,0 days 00:00:01,3.0,0.0
487,2017-10-01 17:01:05,103.0,54383.0,2414.0,nan,3189014.0,nan,nan,2.861111111111111,0 days 00:00:01,2.0,1.0
487,2017-10-01 17:01:07,103.0,53895.0,nan,nan,3189020.0,3267815.0,nan,5.722222222222222,0 days 00:00:02,6.0,1.0
487,2017-10-01 17:01:08,104.0,54290.0,nan,nan,3189023.0,nan,nan,2.888888888888889,0 days 00:00:01,3.0,0.0
487,2017-10-01 17:01:10,104.0,54683.0,2444.0,nan,3189029.0,nan,nan,5.777777777777778,0 days 00:00:02,6.0,1.0
487,2017-10-01 17:01:11,104.0,54701.0,nan,nan,3189031.0,3267951.0,nan,2.888888888888889,0 days 00:00:01,2.0,1.0
487,2017-10-01 17:01:13,104.0,55314.0,nan,nan,3189037.0,nan,nan,5.777777777777778,0 days 00:00:02,6.0,1.0
487,2017-10-01 17:01:14,105.0,55354.0,nan,nan,3189044.0,nan,nan,2.9166666666666665,0 days 00:00:01,7.0,0.0
487,2017-10-01 17:01:15,106.0,55340.0,2452.0,nan,3189051.0,3268063.0,nan,2.9444444444444446,0 days 00:00:01,7.0,0.0
487,2017-10-01 17:01:17,105.0,55522.0,nan,nan,3189065.0,nan,nan,5.833333333333333,0 days 00:00:02,14.0,0.0
487,2017-10-01 17:01:18,106.0,55496.0,nan,nan,3189072.0,nan,nan,2.9444444444444446,0 days 00:00:01,7.0,0.0
487,2017-10-01 17:01:20,105.0,55045.0,2433.0,nan,3189079.0,3268175.0,nan,5.833333333333333,0 days 00:00:02,7.0,0.0
487,2017-10-01 17:01:22,104.0,54725.0,nan,nan,3189092.0,3268259.0,nan,5.777777777777778,0 days 00:00:02,13.0,0.0
487,2017-10-01 17:01:24,103.0,54161.0,nan,nan,3189106.0,nan,nan,5.722222222222222,0 days 00:00:02,14.0,0.0
487,2017-10-01 17:01:25,101.0,53919.0,2384.0,nan,3189110.0,nan,nan,2.8055555555555554,0 days 00:00:01,4.0,0.0
487,2017-10-01 17:01:26,101.0,53849.0,nan,58.0,3189113.0,3268369.0,nan,2.8055555555555554,0 days 00:00:01,3.0,1.0
487,2017-10-01 17:01:27,100.0,53892.0,nan,nan,3189117.0,nan,nan,2.7777777777777777,0 days 00:00:01,4.0,0.0
487,2017-10-01 17:01:28,102.0,53608.0,nan,nan,3189121.0,nan,nan,2.8333333333333335,0 days 00:00:01,4.0,0.0
487,2017-10-01 17:01:30,101.0,53585.0,2345.0,nan,3189128.0,3268477.0,nan,5.611111111111111,0 days 00:00:02,7.0,0.0
487,2017-10-01 17:01:31,98.0,53127.0,nan,nan,3189131.0,nan,nan,2.7222222222222223,0 days 00:00:01,3.0,0.0
487,2017-10-01 17:01:33,97.0,51556.0,nan,nan,3189139.0,3268557.0,nan,5.388888888888889,0 days 00:00:02,8.0,0.0
487,2017-10-01 17:01:35,94.0,49261.0,2134.0,nan,3189141.0,nan,nan,5.222222222222222,0 days 00:00:02,2.0,0.0
487,2017-10-01 17:01:37,87.0,46776.0,nan,nan,3189144.0,nan,nan,4.833333333333333,0 days 00:00:02,3.0,0.0
487,2017-10-01 17:01:38,85.0,45165.0,nan,nan,3189146.0,3268681.0,nan,2.361111111111111,0 days 00:00:01,2.0,0.0
487,2017-10-01 17:01:40,81.0,42638.0,1887.0,nan,3189148.0,nan,nan,4.5,0 days 00:00:02,2.0,0.0
487,2017-10-01 17:01:42,82.0,40663.0,nan,nan,3189151.0,3268769.0,nan,4.555555555555555,0 days 00:00:02,3.0,0.0
487,2017-10-01 17:01:43,82.0,41496.0,nan,nan,3189153.0,nan,nan,2.2777777777777777,0 days 00:00:01,2.0,1.0
487,2017-10-01 17:01:45,83.0,42072.0,1951.0,nan,3189167.0,nan,nan,4.611111111111111,0 days 00:00:02,14.0,0.0
487,2017-10-01 17:01:47,83.0,41606.0,nan,nan,3189184.0,3268834.0,nan,4.611111111111111,0 days 00:00:02,17.0,1.0
487,2017-10-01 17:01:48,83.0,44246.0,nan,nan,nan,nan,nan,2.3055555555555554,0 days 00:00:01,6.9470755853476e-310,1.0
487,2017-10-01 17:01:50,81.0,42692.0,1899.0,nan,3189206.0,3268921.0,nan,4.5,0 days 00:00:02,22.0,0.0
487,2017-10-01 17:01:52,81.0,41789.0,nan,nan,3189220.0,3268985.0,nan,4.5,0 days 00:00:02,14.0,1.0
487,2017-10-01 17:01:53,80.0,42167.0,nan,nan,3189227.0,nan,nan,2.2222222222222223,0 days 00:00:01,7.0,0.0
487,2017-10-01 17:01:55,82.0,44032.0,1948.0,nan,3189241.0,nan,nan,4.555555555555555,0 days 00:00:02,14.0,0.0
487,2017-10-01 17:01:57,83.0,44613.0,nan,79.0,3189255.0,3269096.0,nan,4.611111111111111,0 days 00:00:02,14.0,0.0
487,2017-10-01 17:01:59,80.0,42789.0,nan,nan,3189263.0,nan,nan,4.444444444444445,0 days 00:00:02,8.0,0.0
487,2017-10-01 17:02:01,82.0,43550.0,1911.0,nan,3189277.0,3269184.0,nan,4.555555555555555,0 days 00:00:02,14.0,0.0
487,2017-10-01 17:02:02,84.0,43817.0,nan,nan,3189284.0,nan,nan,2.3333333333333335,0 days 00:00:01,7.0,0.0
487,2017-10-01 17:02:04,83.0,43855.0,nan,nan,3189298.0,nan,nan,4.611111111111111,0 days 00:00:02,14.0,0.0
487,2017-10-01 17:02:05,84.0,44181.0,1942.0,nan,3189299.0,3269272.0,nan,2.3333333333333335,0 days 00:00:01,1.0,0.0
487,2017-10-01 17:02:07,84.0,44417.0,nan,nan,3189302.0,nan,nan,4.666666666666667,0 days 00:00:02,3.0,1.0
487,2017-10-01 17:02:09,87.0,45972.0,nan,nan,3189304.0,nan,nan,4.833333333333333,0 days 00:00:02,2.0,0.0
487,2017-10-01 17:02:11,88.0,46597.0,2065.0,nan,3189307.0,3269362.0,nan,4.888888888888889,0 days 00:00:02,3.0,0.0
487,2017-10-01 17:02:13,89.0,47144.0,nan,nan,3189310.0,nan,nan,4.944444444444445,0 days 00:00:02,3.0,0.0
487,2017-10-01 17:02:15,89.0,46651.0,nan,nan,3189317.0,3269457.0,nan,4.944444444444445,0 days 00:00:02,7.0,1.0
487,2017-10-01 17:02:16,88.0,46668.0,2060.0,nan,3189323.0,nan,nan,2.4444444444444446,0 days 00:00:01,6.0,0.0
487,2017-10-01 17:02:18,85.0,46277.0,nan,nan,3189335.0,3269552.0,nan,4.722222222222222,0 days 00:00:02,12.0,0.0
487,2017-10-01 17:02:20,83.0,44870.0,nan,nan,3189347.0,nan,nan,4.611111111111111,0 days 00:00:02,12.0,0.0
487,2017-10-01 17:02:21,83.0,44514.0,1963.0,nan,3189353.0,nan,nan,2.3055555555555554,0 days 00:00:01,6.0,1.0
487,2017-10-01 17:02:23,85.0,45126.0,nan,nan,3189365.0,3269668.0,nan,4.722222222222222,0 days 00:00:02,12.0,0.0
487,2017-10-01 17:02:25,85.0,44962.0,nan,nan,3189368.0,nan,nan,4.722222222222222,0 days 00:00:02,3.0,1.0
487,2017-10-01 17:02:26,85.0,44494.0,1943.0,0.0,nan,3269758.0,nan,2.361111111111111,0 days 00:00:01,6.94707554841126e-310,1.0
487,2017-10-01 17:02:28,82.0,43760.0,nan,nan,3189374.0,nan,nan,4.555555555555555,0 days 00:00:02,6.0,0.0
487,2017-10-01 17:02:29,81.0,43515.0,nan,nan,3189376.0,nan,nan,2.25,0 days 00:00:01,2.0,0.0
487,2017-10-01 17:02:30,80.0,42617.0,nan,nan,3189377.0,nan,nan,2.2222222222222223,0 days 00:00:01,1.0,0.0
487,2017-10-01 17:02:32,75.0,40172.0,1814.0,nan,3189381.0,3269868.0,nan,4.166666666666667,0 days 00:00:02,4.0,0.0
487,2017-10-01 17:02:33,72.0,37549.0,nan,nan,3189383.0,nan,nan,2.0,0 days 00:00:01,2.0,0.0
487,2017-10-01 17:02:35,62.0,32131.0,nan,nan,nan,3269929.0,nan,3.4444444444444446,0 days 00:00:02,6.9470694169961e-310,0.0
487,2017-10-01 17:02:36,56.0,29620.0,1266.0,nan,nan,nan,nan,1.5555555555555556,0 days 00:00:01,6.9470365407412e-310,0.0
487,2017-10-01 17:02:37,52.0,27838.0,nan,nan,nan,3269979.0,nan,1.4444444444444444,0 days 00:00:01,6.9470726176356e-310,0.0
487,2017-10-01 17:03:08,28.0,15372.0,1644.0,nan,3189434.0,3270264.0,nan,24.111111111111114,0 days 00:00:31,51.0,0.0
487,2017-10-01 17:03:38,21.0,13687.0,1269.0,55.0,3189486.0,3270578.0,nan,17.500000000000004,0 days 00:00:30,52.0,0.0
487,2017-10-01 17:04:09,53.0,28622.0,1613.0,20.0,3189551.0,3270871.0,nan,45.63888888888889,0 days 00:00:31,65.0,0.0
487,2017-10-01 17:04:40,25.0,12249.0,1362.0,48.0,3189611.0,3271297.0,nan,21.527777777777782,0 days 00:00:31,60.0,0.0
487,2017-10-01 17:05:11,0.0,0.0,0.0,0.0,3189614.0,3271323.0,nan,0.0,0 days 00:00:31,3.0,0.0
487,2017-10-01 17:05:41,11.0,6668.0,1134.0,15.0,3189619.0,3271346.0,nan,9.166666666666668,0 days 00:00:30,5.0,0.0
487,2017-10-01 17:06:12,0.0,0.0,679.0,24.0,3189637.0,3271367.0,nan,0.0,0 days 00:00:31,18.0,0.0
487,2017-10-01 17:06:42,4.0,1613.0,639.0,nan,3189653.0,3271380.0,nan,3.333333333333334,0 days 00:00:30,16.0,0.0
487,2017-10-01 17:07:13,0.0,0.0,0.0,nan,3189666.0,3271382.0,nan,0.0,0 days 00:00:31,13.0,0.0
487,2017-10-01 17:07:44,0.0,nan,nan,0.0,nan,nan,nan,0.0,0 days 00:00:31,6.9470307854199e-310,1.0
487,2017-10-01 17:08:14,nan,nan,nan,nan,nan,nan,nan,nan,0 days 00:00:30,5.3949913e-317,5.3949913e-317
487,2017-10-01 17:08:45,nan,nan,nan,nan,nan,nan,nan,nan,0 days 00:00:31,1.56856e-319,1.56856e-319
487,2017-10-01 17:08:56,nan,nan,nan,nan,nan,nan,nan,nan,0 days 00:00:11,0.0,0.0
487,2017-10-01 17:08:57,nan,nan,nan,nan,nan,nan,nan,nan,0 days 00:00:01,0.0,0.0
487,2017-10-01 17:08:58,nan,nan,nan,nan,nan,nan,nan,nan,0 days 00:00:01,-6.290992028300147e-295,-6.290992028300147e-295
487,2017-10-01 17:08:58,nan,nan,nan,nan,nan,nan,nan,nan,0 days 00:00:00,6.94703083224624e-310,6.94703083224624e-310
487,2017-10-01 17:08:58,nan,nan,nan,nan,nan,nan,nan,nan,0 days 00:00:00,5.3949123e-317,5.3949123e-317
487,2017-10-01 17:08:58,nan,nan,nan,nan,nan,nan,nan,nan,0 days 00:00:00,5.4e-323,5.4e-323
487,2017-10-01 17:08:58,nan,nan,nan,nan,nan,nan,nan,nan,0 days 00:00:00,0.0,0.0
487,2017-10-01 17:09:28,nan,nan,nan,nan,nan,nan,nan,nan,0 days 00:00:30,0.0,0.0
487,2017-10-01 17:09:43,nan,nan,nan,nan,nan,nan,nan,nan,0 days 00:00:15,-7.142865803681254e+196,-7.142865803681254e+196
487,2017-10-01 17:10:13,nan,53.0,nan,nan,nan,nan,nan,nan,0 days 00:00:30,6.9470308016031e-310,6.9470308016031e-310
487,2017-10-01 17:10:44,nan,0.0,nan,nan,nan,nan,nan,nan,0 days 00:00:31,5.3949755e-317,5.3949755e-317
487,2017-10-01 17:11:14,nan,nan,nan,nan,nan,nan,nan,nan,0 days 00:00:30,-6.0839793841228245e-74,-6.0839793841228245e-74
487,2017-10-01 17:11:45,nan,nan,nan,nan,nan,nan,nan,nan,0 days 00:00:31,6.94703078546415e-310,6.94703078546415e-310
487,2017-10-01 17:12:15,nan,nan,nan,nan,nan,nan,nan,nan,0 days 00:00:30,5.394928e-317,5.394928e-317
487,2017-10-01 17:12:45,nan,nan,nan,nan,nan,nan,nan,nan,0 days 00:00:30,1.265e-321,1.265e-321
487,2017-10-01 17:13:16,nan,nan,nan,nan,nan,nan,nan,nan,0 days 00:00:31,0.0,0.0
487,2017-10-01 17:13:47,nan,nan,nan,nan,nan,nan,nan,nan,0 days 00:00:31,0.0,0.0
487,2017-10-01 17:14:17,nan,nan,nan,nan,nan,nan,nan,nan,0 days 00:00:30,2.8495533599335135e-146,2.8495533599335135e-146
487,2017-10-01 17:14:47,nan,nan,nan,nan,nan,nan,nan,nan,0 days 00:00:30,1.823e-321,1.823e-321
487,2017-10-01 17:15:18,nan,nan,nan,nan,nan,nan,nan,nan,0 days 00:00:31,1.84917467e-316,1.84917467e-316
487,2017-10-01 17:15:49,nan,nan,nan,nan,nan,nan,nan,nan,0 days 00:00:31,1.86589306e-316,1.86589306e-316
487,2017-10-01 17:16:20,nan,nan,nan,nan,nan,nan,nan,nan,0 days 00:00:31,2.9113747e-317,2.9113747e-317
487,2017-10-01 17:16:51,nan,nan,nan,nan,nan,nan,nan,nan,0 days 00:00:31,1.5e-323,1.5e-323
487,2017-10-01 17:17:21,nan,nan,nan,nan,nan,nan,nan,nan,0 days 00:00:30,1.852309e-316,1.852309e-316
487,2017-10-01 17:17:51,nan,nan,nan,nan,nan,nan,nan,nan,0 days 00:00:30,6.9470314795232e-310,6.9470314795232e-310
487,2017-10-01 17:18:22,nan,nan,nan,nan,nan,nan,nan,nan,0 days 00:00:31,6.94703077067182e-310,6.94703077067182e-310
487,2017-10-01 17:18:53,nan,nan,nan,nan,nan,nan,nan,nan,0 days 00:00:31,1.85230626e-316,1.85230626e-316
487,2017-10-01 17:19:01,nan,nan,nan,nan,nan,nan,nan,nan,0 days 00:00:08,6.94703147951374e-310,6.94703147951374e-310
487,2017-10-01 17:19:30,nan,nan,nan,nan,nan,nan,nan,nan,0 days 00:00:29,6.94703077059475e-310,6.94703077059475e-310
